Statistic,Value
count,407.0
mean,38.92137592137592
std,57.368257388015934
min,1.0
25%,3.0
50%,12.0
75%,55.5
max,328.0
