Statistic,Support,Confidence,Lift
Count,20.0,20.0,20.0
Mean,0.028796,0.843483,13.671811
Std,0.006959,0.088589,2.808361
Min,0.02232,0.705882,10.226085
25%,0.023914,0.763587,11.11273
50%,0.026305,0.862877,13.109202
75%,0.033878,0.920919,16.060103
Max,0.048226,0.970588,19.775028
