Statistic,Value
count,2509.0
mean,6.313670785173376
std,4.3198542552163985
min,1.0
25%,3.0
50%,5.0
75%,8.0
max,31.0
